return_id,order_id,customer_id,return_date,return_reason,refund_amount
R00001,O000018,11974,2025-04-03,Changed Mind,2585.23
R00002,O000023,10199,2024-02-04,Changed Mind,19034.06
R00003,O000059,12268,2024-05-24,Quality Issue,10740.29
R00004,O000076,11658,2025-10-01,Quality Issue,14616.3
R00005,O000090,12325,2025-04-16,Wrong Item,6541.85
R00006,O000153,12226,2024-05-26,Wrong Item,28615.41
R00007,O000180,10596,2025-10-12,Wrong Item,19976.44
R00008,O000209,10038,2025-08-25,Damaged,6215.73
R00009,O000220,11042,2025-12-09,Changed Mind,14814.73
R00010,O000230,11000,2025-11-11,Late Delivery,4828.8
R00011,O000238,11112,2024-12-22,Changed Mind,27303.44
R00012,O000253,10780,2024-10-02,Quality Issue,14233.85
R00013,O000266,11978,2025-02-12,Late Delivery,2403.01
R00014,O000297,11478,2024-03-12,Damaged,4695.57
R00015,O000322,12464,2025-08-30,Late Delivery,15036.38
R00016,O000326,11725,2024-11-06,Late Delivery,6057.7
R00017,O000357,10447,2025-05-07,Late Delivery,21390.73
R00018,O000380,11943,2024-06-24,Changed Mind,12890.47
R00019,O000406,10394,2024-06-13,Changed Mind,17018.13
R00020,O000416,12262,2024-01-27,Wrong Item,18621.49
R00021,O000422,11569,2024-11-27,Late Delivery,28451.75
R00022,O000443,11272,2024-12-21,Changed Mind,28020.32
R00023,O000446,12181,2025-12-02,Damaged,11400.97
R00024,O000464,10955,2024-09-11,Changed Mind,26894.94
R00025,O000488,10351,2024-07-21,Quality Issue,29820.52
R00026,O000492,10117,2024-07-11,Late Delivery,26419.76
R00027,O000503,11029,2024-11-23,Wrong Item,1714.58
R00028,O000516,12467,2024-06-12,Late Delivery,9948.87
R00029,O000539,11068,2024-09-22,Quality Issue,3467.86
R00030,O000543,12309,2025-09-19,Quality Issue,20582.41
R00031,O000549,11828,2025-03-25,Changed Mind,10616.75
R00032,O000551,10951,2025-08-18,Quality Issue,5818.54
R00033,O000557,11356,2026-01-07,Late Delivery,6375.32
R00034,O000558,11593,2025-04-17,Damaged,11379.06
R00035,O000562,12211,2024-07-08,Wrong Item,17947.58
R00036,O000570,10255,2024-08-26,Damaged,20492.22
R00037,O000632,11177,2025-11-27,Damaged,847.79
R00038,O000637,11173,2025-03-07,Quality Issue,29440.0
R00039,O000640,11350,2025-02-08,Changed Mind,1414.33
R00040,O000645,10498,2025-04-07,Damaged,29408.66
R00041,O000648,11364,2024-09-19,Quality Issue,8212.74
R00042,O000653,10936,2024-11-28,Damaged,26789.64
R00043,O000667,10927,2024-02-28,Damaged,26428.68
R00044,O000671,10932,2025-01-20,Late Delivery,14625.67
R00045,O000685,10195,2025-07-31,Late Delivery,22583.74
R00046,O000724,10134,2024-10-14,Late Delivery,20004.72
R00047,O000732,11462,2024-07-14,Damaged,24692.99
R00048,O000740,12229,2024-12-24,Changed Mind,16770.57
R00049,O000772,11612,2025-02-13,Wrong Item,10229.77
R00050,O000807,11797,2025-04-19,Quality Issue,12641.84
R00051,O000808,10179,2024-12-22,Changed Mind,4353.21
R00052,O000826,11420,2024-02-17,Wrong Item,8751.63
R00053,O000830,10347,2026-01-05,Changed Mind,29028.4
R00054,O000851,10756,2024-08-05,Wrong Item,12992.55
R00055,O000854,12072,2024-01-31,Late Delivery,21462.35
R00056,O000881,10603,2024-11-25,Quality Issue,9462.41
R00057,O000886,11699,2024-06-16,Changed Mind,21642.02
R00058,O000889,12286,2024-09-29,Changed Mind,14409.23
R00059,O000915,11453,2025-09-13,Wrong Item,23707.35
R00060,O000922,11861,2024-11-20,Quality Issue,12097.14
R00061,O000928,10608,2025-10-15,Damaged,28939.45
R00062,O000952,10409,2025-09-14,Wrong Item,5689.08
R00063,O000962,12413,2025-12-06,Wrong Item,15262.97
R00064,O000964,12242,2025-07-16,Changed Mind,5096.23
R00065,O000986,10280,2024-12-01,Wrong Item,8043.03
R00066,O001001,11135,2025-02-14,Late Delivery,15674.39
R00067,O001018,10545,2025-10-17,Quality Issue,5421.22
R00068,O001019,10392,2025-12-19,Wrong Item,3426.01
R00069,O001023,10297,2024-05-23,Wrong Item,25450.7
R00070,O001026,10270,2024-10-30,Late Delivery,11092.95
R00071,O001036,10229,2024-05-11,Wrong Item,21402.84
R00072,O001041,12230,2025-12-03,Late Delivery,14489.49
R00073,O001051,10454,2025-02-11,Wrong Item,22435.2
R00074,O001054,11166,2025-08-14,Changed Mind,8002.47
R00075,O001060,10953,2025-05-31,Wrong Item,3149.63
R00076,O001073,12408,2024-11-05,Changed Mind,15768.87
R00077,O001091,12442,2024-12-19,Late Delivery,19117.08
R00078,O001111,10625,2025-10-18,Wrong Item,28478.35
R00079,O001120,10353,2024-07-31,Quality Issue,23241.49
R00080,O001148,10087,2024-05-18,Wrong Item,26260.15
R00081,O001174,11345,2025-07-17,Changed Mind,21951.55
R00082,O001176,12432,2025-03-10,Wrong Item,29845.07
R00083,O001208,12215,2025-02-28,Wrong Item,22272.41
R00084,O001209,10709,2025-09-25,Changed Mind,19668.06
R00085,O001216,11261,2025-08-02,Damaged,9639.19
R00086,O001234,11665,2025-11-01,Wrong Item,7558.62
R00087,O001246,10907,2025-09-23,Quality Issue,8516.38
R00088,O001248,10089,2025-08-15,Wrong Item,1006.54
R00089,O001260,10857,2024-09-24,Late Delivery,7181.69
R00090,O001285,11959,2025-11-19,Damaged,8705.53
R00091,O001295,12444,2025-02-17,Quality Issue,2750.69
R00092,O001303,12050,2025-08-15,Late Delivery,545.54
R00093,O001310,11835,2025-11-11,Quality Issue,15182.28
R00094,O001321,11184,2025-05-26,Damaged,5596.68
R00095,O001346,11034,2025-03-20,Damaged,7130.46
R00096,O001372,12100,2025-10-28,Quality Issue,29430.82
R00097,O001376,10921,2025-10-06,Quality Issue,4622.52
R00098,O001379,11818,2025-12-10,Changed Mind,1687.11
R00099,O001402,12425,2025-11-14,Late Delivery,24789.05
R00100,O001405,12252,2024-04-22,Quality Issue,8265.57
R00101,O001416,11474,2024-09-25,Late Delivery,15238.71
R00102,O001534,12452,2025-06-02,Damaged,25039.24
R00103,O001540,10285,2025-08-31,Damaged,15301.29
R00104,O001551,12224,2025-10-31,Quality Issue,26809.65
R00105,O001582,11705,2024-10-11,Late Delivery,19980.19
R00106,O001588,10998,2024-03-17,Damaged,18568.55
R00107,O001591,10260,2025-10-24,Changed Mind,22746.26
R00108,O001599,12014,2025-10-08,Late Delivery,6722.29
R00109,O001602,12411,2024-02-21,Late Delivery,5320.84
R00110,O001613,10301,2025-02-23,Late Delivery,25242.47
R00111,O001654,11642,2025-12-14,Late Delivery,27023.67
R00112,O001663,10803,2025-10-31,Late Delivery,4984.1
R00113,O001684,12115,2025-09-03,Changed Mind,16028.08
R00114,O001685,11555,2025-07-29,Damaged,5249.68
R00115,O001686,12020,2025-11-07,Late Delivery,1104.96
R00116,O001688,12146,2024-05-31,Late Delivery,15106.31
R00117,O001702,10605,2024-03-29,Late Delivery,18121.28
R00118,O001709,11577,2024-09-10,Damaged,14179.31
R00119,O001720,10488,2025-03-01,Quality Issue,23489.12
R00120,O001732,11356,2025-06-19,Damaged,7083.21
R00121,O001739,12010,2024-07-21,Late Delivery,27628.61
R00122,O001750,11099,2025-11-26,Damaged,16982.36
R00123,O001754,11653,2026-01-18,Wrong Item,16066.26
R00124,O001766,10441,2025-01-29,Quality Issue,13685.72
R00125,O001793,11996,2024-03-05,Changed Mind,6609.87
R00126,O001803,10477,2025-06-16,Wrong Item,8639.18
R00127,O001810,11165,2024-08-18,Late Delivery,16670.6
R00128,O001817,12034,2025-08-03,Changed Mind,22308.71
R00129,O001820,12417,2024-05-15,Changed Mind,4395.53
R00130,O001846,10356,2024-12-21,Quality Issue,15773.95
R00131,O001852,11046,2024-11-08,Damaged,1099.18
R00132,O001859,11345,2024-12-07,Damaged,5662.18
R00133,O001866,10957,2024-09-07,Damaged,24148.9
R00134,O001876,11148,2024-12-23,Damaged,8433.66
R00135,O001878,11877,2024-02-07,Wrong Item,8630.16
R00136,O001879,11614,2024-02-18,Late Delivery,16024.17
R00137,O001903,10389,2025-12-15,Changed Mind,11262.52
R00138,O001907,11503,2024-06-20,Late Delivery,25269.91
R00139,O001917,11304,2024-08-03,Late Delivery,13728.45
R00140,O001938,12134,2024-08-19,Quality Issue,25708.08
R00141,O001941,11881,2024-08-15,Quality Issue,466.19
R00142,O001958,11471,2025-02-28,Quality Issue,24292.7
R00143,O001967,11968,2024-02-27,Quality Issue,1065.2
R00144,O001971,11316,2024-02-29,Damaged,26112.01
R00145,O001993,11655,2025-06-05,Changed Mind,28558.59
R00146,O002016,10538,2024-09-01,Damaged,26611.47
R00147,O002045,11164,2024-07-09,Late Delivery,26748.42
R00148,O002072,11512,2024-09-25,Damaged,16693.35
R00149,O002073,12259,2025-10-08,Changed Mind,28413.68
R00150,O002074,10232,2025-02-23,Changed Mind,3791.07
R00151,O002087,11056,2025-05-21,Late Delivery,3537.9
R00152,O002099,12390,2024-06-28,Wrong Item,8419.77
R00153,O002106,12025,2024-09-14,Late Delivery,16480.07
R00154,O002110,10641,2025-12-23,Late Delivery,5208.82
R00155,O002150,11324,2024-11-09,Damaged,26377.12
R00156,O002157,10771,2025-04-26,Quality Issue,7963.71
R00157,O002164,11820,2025-04-10,Wrong Item,27458.45
R00158,O002172,11224,2026-01-16,Quality Issue,8726.59
R00159,O002206,10604,2026-01-13,Late Delivery,4328.25
R00160,O002232,11265,2025-02-12,Wrong Item,22339.71
R00161,O002257,11715,2025-09-24,Damaged,1721.78
R00162,O002270,11821,2025-12-28,Late Delivery,23403.37
R00163,O002275,11454,2024-05-17,Late Delivery,28048.8
R00164,O002327,11229,2025-02-01,Changed Mind,7087.79
R00165,O002428,12301,2024-02-21,Damaged,24443.46
R00166,O002443,11762,2024-06-05,Damaged,27563.34
R00167,O002447,10657,2025-02-06,Late Delivery,9836.15
R00168,O002450,12314,2025-01-24,Wrong Item,23415.99
R00169,O002456,12403,2025-08-30,Wrong Item,3168.5
R00170,O002483,10848,2024-04-03,Quality Issue,26000.11
R00171,O002498,11823,2025-07-27,Changed Mind,14061.37
R00172,O002502,11316,2024-06-18,Changed Mind,7584.47
R00173,O002543,11528,2024-04-24,Quality Issue,15885.2
R00174,O002547,12246,2024-09-28,Quality Issue,7870.74
R00175,O002553,11819,2025-02-03,Quality Issue,23971.41
R00176,O002581,12020,2025-05-07,Damaged,9789.35
R00177,O002587,11358,2025-01-19,Quality Issue,2378.67
R00178,O002604,11338,2024-04-02,Damaged,1244.62
R00179,O002613,10329,2024-12-04,Damaged,7949.99
R00180,O002646,10162,2024-10-09,Late Delivery,16056.91
R00181,O002653,12168,2025-05-14,Changed Mind,19123.54
R00182,O002687,11288,2025-03-03,Wrong Item,15283.48
R00183,O002691,11548,2024-02-26,Damaged,21018.21
R00184,O002707,12058,2024-06-03,Changed Mind,20497.3
R00185,O002723,12431,2025-03-15,Changed Mind,17309.1
R00186,O002741,11311,2024-03-24,Changed Mind,20520.2
R00187,O002746,10474,2025-03-22,Quality Issue,25882.13
R00188,O002747,11405,2025-01-11,Damaged,1400.85
R00189,O002766,10895,2024-10-05,Quality Issue,25018.86
R00190,O002783,10497,2024-06-18,Quality Issue,10808.83
R00191,O002810,12036,2024-05-31,Late Delivery,9305.46
R00192,O002818,12480,2024-10-14,Quality Issue,25921.26
R00193,O002819,11921,2024-06-28,Changed Mind,18285.1
R00194,O002825,11927,2024-08-14,Wrong Item,1945.53
R00195,O002859,11613,2025-08-07,Quality Issue,5880.57
R00196,O002895,10547,2024-02-20,Changed Mind,28077.73
R00197,O002898,11587,2025-06-04,Quality Issue,12492.41
R00198,O002900,11764,2025-08-06,Quality Issue,8329.85
R00199,O002924,11562,2024-05-06,Quality Issue,6097.16
R00200,O002933,12103,2025-06-27,Quality Issue,16788.37
R00201,O002936,10856,2025-12-21,Wrong Item,29050.71
R00202,O002950,12242,2025-10-31,Wrong Item,4200.17
R00203,O002951,11543,2025-02-15,Late Delivery,7330.06
R00204,O002953,10799,2024-11-28,Quality Issue,14967.33
R00205,O002954,11964,2025-09-27,Changed Mind,6615.3
R00206,O002957,10769,2024-01-11,Damaged,29983.86
R00207,O002971,10344,2024-12-19,Late Delivery,12398.53
R00208,O002986,11899,2024-05-05,Changed Mind,13328.49
R00209,O003009,10247,2024-08-07,Late Delivery,6732.12
R00210,O003018,12479,2025-06-04,Damaged,23915.47
R00211,O003021,12358,2025-03-31,Damaged,14062.14
R00212,O003041,11570,2025-07-16,Damaged,19522.99
R00213,O003055,10001,2024-03-05,Changed Mind,5391.03
R00214,O003086,10078,2025-02-21,Late Delivery,4053.78
R00215,O003106,10882,2025-07-07,Damaged,16912.13
R00216,O003116,12251,2024-08-19,Changed Mind,5503.89
R00217,O003139,10101,2024-02-16,Quality Issue,15554.23
R00218,O003179,10081,2024-02-06,Quality Issue,29976.35
R00219,O003241,11710,2025-07-04,Changed Mind,13364.44
R00220,O003248,10339,2024-03-09,Quality Issue,943.89
R00221,O003252,10780,2024-03-01,Quality Issue,19102.18
R00222,O003271,10006,2025-03-11,Damaged,7915.11
R00223,O003272,10523,2024-09-08,Late Delivery,28232.67
R00224,O003291,10831,2025-10-02,Changed Mind,7166.24
R00225,O003326,11476,2024-05-31,Damaged,27993.15
R00226,O003371,11137,2024-12-28,Wrong Item,744.61
R00227,O003382,10778,2024-03-31,Late Delivery,29355.81
R00228,O003383,11107,2024-12-23,Wrong Item,8348.61
R00229,O003401,12028,2026-01-06,Damaged,23492.65
R00230,O003441,10651,2024-04-21,Late Delivery,14096.32
R00231,O003443,10867,2025-11-02,Late Delivery,11240.14
R00232,O003480,10347,2024-07-15,Damaged,28748.35
R00233,O003502,11370,2024-01-30,Late Delivery,28266.57
R00234,O003541,11508,2024-11-07,Changed Mind,18199.43
R00235,O003543,10798,2024-08-30,Changed Mind,28190.45
R00236,O003560,11562,2025-06-04,Damaged,23701.55
R00237,O003565,10475,2024-06-12,Late Delivery,11027.47
R00238,O003573,11782,2025-04-15,Damaged,26900.8
R00239,O003584,11409,2024-02-23,Late Delivery,10890.12
R00240,O003617,10909,2025-10-09,Late Delivery,28396.11
R00241,O003641,11528,2025-08-15,Late Delivery,15574.6
R00242,O003653,10027,2025-05-24,Late Delivery,22214.62
R00243,O003665,11652,2025-09-24,Changed Mind,19183.09
R00244,O003667,11779,2025-09-16,Late Delivery,22060.07
R00245,O003670,11280,2025-12-27,Late Delivery,5580.32
R00246,O003697,10384,2024-08-11,Late Delivery,26699.1
R00247,O003699,12324,2025-01-09,Quality Issue,24706.31
R00248,O003705,10345,2024-06-15,Changed Mind,19002.44
R00249,O003706,11784,2024-11-15,Changed Mind,6513.17
R00250,O003719,11183,2024-05-17,Damaged,17275.85
R00251,O003721,10228,2025-11-02,Changed Mind,13195.18
R00252,O003731,11536,2025-05-05,Quality Issue,736.15
R00253,O003734,11163,2024-09-11,Changed Mind,27710.52
R00254,O003785,11884,2024-05-01,Quality Issue,23121.17
R00255,O003787,10756,2025-11-15,Changed Mind,26949.11
R00256,O003807,10100,2025-12-11,Quality Issue,18173.21
R00257,O003828,11215,2024-03-04,Changed Mind,10104.54
R00258,O003829,10471,2025-04-25,Damaged,13299.9
R00259,O003867,12234,2024-09-23,Damaged,24912.38
R00260,O003897,11552,2025-07-03,Quality Issue,6141.48
R00261,O003929,12066,2025-09-08,Late Delivery,4714.14
R00262,O003937,10033,2025-05-20,Changed Mind,3192.98
R00263,O003956,10408,2025-08-04,Changed Mind,3163.81
R00264,O003957,10064,2025-10-30,Damaged,14700.77
R00265,O003963,10898,2024-07-09,Damaged,22139.75
R00266,O003976,10861,2024-07-09,Quality Issue,26733.82
R00267,O003977,12004,2025-07-30,Wrong Item,17123.57
R00268,O003981,12394,2024-02-02,Late Delivery,14987.23
R00269,O004005,10590,2025-01-21,Quality Issue,11738.73
R00270,O004007,11392,2025-12-21,Late Delivery,9160.06
R00271,O004009,11910,2025-06-19,Quality Issue,1199.31
R00272,O004020,12132,2025-10-02,Changed Mind,21980.23
R00273,O004021,11548,2024-07-05,Quality Issue,2310.31
R00274,O004082,12355,2024-06-12,Late Delivery,22790.89
R00275,O004087,10007,2024-10-02,Wrong Item,21469.98
R00276,O004100,10364,2025-11-07,Changed Mind,29627.2
R00277,O004102,11277,2025-09-21,Late Delivery,795.38
R00278,O004127,10630,2025-02-02,Wrong Item,7436.94
R00279,O004137,12393,2024-07-16,Changed Mind,2651.88
R00280,O004145,10004,2024-04-09,Damaged,27999.58
R00281,O004150,11161,2025-10-01,Late Delivery,15516.78
R00282,O004154,11955,2025-11-07,Changed Mind,28679.57
R00283,O004163,10342,2024-02-10,Wrong Item,4829.47
R00284,O004168,10357,2025-03-26,Changed Mind,10033.39
R00285,O004209,10551,2025-09-17,Damaged,19239.27
R00286,O004223,10105,2025-01-09,Changed Mind,8407.34
R00287,O004241,11504,2025-07-28,Damaged,27670.94
R00288,O004242,10004,2024-09-11,Late Delivery,13275.91
R00289,O004245,10027,2026-01-10,Changed Mind,18491.2
R00290,O004282,11239,2025-06-01,Quality Issue,10659.47
R00291,O004288,11974,2024-02-03,Wrong Item,6423.7
R00292,O004304,10406,2024-05-30,Quality Issue,23985.74
R00293,O004324,11224,2025-06-20,Quality Issue,23829.27
R00294,O004326,10489,2024-06-27,Changed Mind,24499.19
R00295,O004330,11247,2024-11-10,Wrong Item,10037.16
R00296,O004334,10073,2024-02-17,Late Delivery,25656.53
R00297,O004349,11626,2024-11-02,Wrong Item,9707.16
R00298,O004355,11720,2024-08-09,Damaged,10962.0
R00299,O004382,10121,2025-12-22,Changed Mind,9123.2
R00300,O004405,10141,2025-12-08,Quality Issue,13034.2
R00301,O004438,11007,2024-02-22,Late Delivery,991.27
R00302,O004449,11711,2024-03-15,Changed Mind,7668.84
R00303,O004455,12473,2025-10-07,Late Delivery,7806.76
R00304,O004457,11409,2026-01-19,Late Delivery,25589.15
R00305,O004503,10096,2025-06-25,Damaged,20885.7
R00306,O004505,11284,2024-12-04,Wrong Item,8030.77
R00307,O004506,10248,2024-12-15,Changed Mind,11007.18
R00308,O004522,12139,2024-10-03,Late Delivery,28887.24
R00309,O004547,10459,2024-01-21,Wrong Item,17981.59
R00310,O004569,11472,2025-03-25,Quality Issue,21040.23
R00311,O004576,11879,2024-02-03,Damaged,29136.56
R00312,O004586,12092,2024-07-05,Damaged,19855.39
R00313,O004594,11401,2025-03-03,Wrong Item,12118.71
R00314,O004606,11322,2025-05-23,Quality Issue,11613.76
R00315,O004608,10056,2025-05-05,Wrong Item,3538.56
R00316,O004610,12422,2025-04-11,Damaged,3208.91
R00317,O004625,10773,2024-12-11,Late Delivery,11460.8
R00318,O004627,10573,2024-02-06,Quality Issue,12693.73
R00319,O004643,11142,2024-05-04,Late Delivery,19776.65
R00320,O004655,11575,2025-12-25,Late Delivery,13930.44
R00321,O004668,11125,2025-09-04,Changed Mind,21853.12
R00322,O004706,10105,2024-09-11,Late Delivery,3188.84
R00323,O004712,11416,2024-06-19,Damaged,9609.89
R00324,O004715,11236,2024-01-23,Damaged,27130.96
R00325,O004736,11809,2025-06-09,Quality Issue,1505.39
R00326,O004739,12441,2025-08-24,Changed Mind,19793.27
R00327,O004745,10035,2025-11-19,Wrong Item,16713.02
R00328,O004814,11980,2025-05-29,Late Delivery,1998.92
R00329,O004817,11427,2024-04-06,Late Delivery,4123.2
R00330,O004818,12045,2025-02-08,Changed Mind,8755.48
R00331,O004833,10216,2024-02-15,Quality Issue,3240.83
R00332,O004849,12242,2025-04-21,Quality Issue,11222.15
R00333,O004869,11928,2025-10-01,Changed Mind,20174.77
R00334,O004881,11095,2024-11-07,Damaged,22051.41
R00335,O004893,12445,2024-05-16,Quality Issue,11133.84
R00336,O004895,10215,2025-06-27,Quality Issue,26490.65
R00337,O004901,10752,2025-09-12,Late Delivery,26260.32
R00338,O004917,11696,2024-03-08,Damaged,4474.87
R00339,O004929,12476,2025-03-05,Damaged,20280.44
R00340,O004957,10454,2024-03-30,Changed Mind,8170.95
R00341,O004963,10122,2024-01-10,Quality Issue,17896.17
R00342,O004973,11493,2025-05-02,Changed Mind,11406.91
R00343,O004974,11249,2024-07-16,Late Delivery,17136.98
R00344,O004987,12131,2024-09-18,Wrong Item,18914.62
R00345,O005000,12403,2024-07-08,Changed Mind,4696.51
R00346,O005019,10906,2025-01-25,Damaged,15183.91
R00347,O005027,10585,2024-06-16,Changed Mind,5095.55
R00348,O005032,10910,2024-12-04,Changed Mind,5577.73
R00349,O005050,12399,2024-11-06,Damaged,22399.75
R00350,O005074,10673,2025-11-25,Quality Issue,27431.3
R00351,O005077,10602,2024-11-01,Late Delivery,13349.44
R00352,O005091,12426,2025-12-15,Quality Issue,22737.92
R00353,O005108,10079,2024-10-02,Damaged,17356.27
R00354,O005114,10669,2025-12-04,Damaged,26329.34
R00355,O005123,11173,2024-09-08,Damaged,27935.97
R00356,O005125,11603,2024-02-27,Late Delivery,25114.87
R00357,O005140,12205,2025-01-04,Quality Issue,27712.78
R00358,O005155,10964,2024-02-07,Quality Issue,7646.09
R00359,O005157,12409,2025-07-10,Quality Issue,8817.25
R00360,O005158,10765,2024-08-20,Damaged,17684.7
R00361,O005188,11357,2025-01-21,Wrong Item,24055.09
R00362,O005214,12354,2024-11-03,Changed Mind,2736.36
R00363,O005234,10661,2025-03-15,Changed Mind,9763.8
R00364,O005236,10126,2024-09-20,Damaged,9885.56
R00365,O005250,11823,2025-09-05,Damaged,26087.96
R00366,O005256,12047,2024-03-31,Damaged,22401.2
R00367,O005259,12171,2026-01-15,Wrong Item,19590.92
R00368,O005260,11318,2024-03-15,Late Delivery,5753.25
R00369,O005270,11461,2026-01-19,Late Delivery,15815.27
R00370,O005275,11288,2025-06-09,Damaged,474.7
R00371,O005278,11468,2025-07-26,Damaged,6378.25
R00372,O005284,12140,2024-05-03,Wrong Item,24098.43
R00373,O005292,11509,2024-05-28,Wrong Item,19719.85
R00374,O005319,10623,2025-03-25,Changed Mind,16504.92
R00375,O005331,10338,2025-12-31,Wrong Item,25329.07
R00376,O005334,10913,2024-08-16,Damaged,13365.56
R00377,O005339,12472,2025-12-23,Late Delivery,8547.88
R00378,O005361,12454,2025-02-13,Quality Issue,25191.8
R00379,O005378,11924,2025-09-30,Wrong Item,9227.46
R00380,O005388,11273,2024-04-18,Quality Issue,25704.66
R00381,O005401,10972,2024-07-24,Damaged,19963.24
R00382,O005404,10957,2025-10-29,Changed Mind,19016.74
R00383,O005406,10730,2025-08-07,Damaged,2576.37
R00384,O005455,11098,2025-01-02,Wrong Item,14426.8
R00385,O005493,11196,2025-04-25,Changed Mind,11326.06
R00386,O005500,11650,2025-11-18,Changed Mind,27829.62
R00387,O005506,11419,2025-10-18,Late Delivery,571.44
R00388,O005555,10086,2025-06-11,Damaged,18169.96
R00389,O005565,11833,2024-01-22,Damaged,12480.9
R00390,O005568,10319,2025-10-09,Quality Issue,24185.11
R00391,O005573,11173,2025-10-17,Late Delivery,25061.74
R00392,O005616,11430,2025-12-12,Quality Issue,14031.85
R00393,O005626,10304,2025-12-12,Wrong Item,4959.51
R00394,O005629,10922,2024-12-17,Quality Issue,6292.23
R00395,O005635,10940,2024-06-13,Quality Issue,21773.71
R00396,O005638,11002,2024-06-03,Changed Mind,24725.84
R00397,O005639,12213,2025-03-01,Quality Issue,11124.05
R00398,O005651,11261,2024-10-30,Changed Mind,11114.44
R00399,O005660,10694,2024-02-07,Wrong Item,5202.97
R00400,O005670,10976,2024-11-01,Quality Issue,19790.57
R00401,O005679,10094,2024-08-31,Late Delivery,3784.7
R00402,O005680,10576,2025-05-18,Wrong Item,21158.53
R00403,O005694,11515,2025-01-06,Changed Mind,18024.05
R00404,O005696,10882,2024-07-06,Late Delivery,24355.85
R00405,O005705,11740,2024-09-07,Wrong Item,18036.06
R00406,O005707,10509,2024-01-29,Damaged,6377.75
R00407,O005720,10811,2024-11-15,Damaged,17441.54
R00408,O005721,11201,2024-11-07,Wrong Item,27165.94
R00409,O005745,10767,2024-09-16,Wrong Item,23812.66
R00410,O005761,12315,2024-04-15,Quality Issue,5302.41
R00411,O005776,10835,2024-10-19,Quality Issue,2982.02
R00412,O005777,10089,2025-11-21,Wrong Item,28777.94
R00413,O005802,10205,2025-05-29,Late Delivery,22429.34
R00414,O005807,12390,2025-12-21,Changed Mind,24855.7
R00415,O005817,11346,2024-07-13,Wrong Item,27028.84
R00416,O005839,10323,2024-03-28,Damaged,14114.47
R00417,O005849,11335,2025-01-29,Quality Issue,26247.41
R00418,O005853,12399,2025-01-17,Quality Issue,4092.72
R00419,O005866,10876,2024-09-17,Damaged,10300.08
R00420,O005888,11649,2024-01-21,Late Delivery,10375.38
R00421,O005912,10447,2024-12-08,Wrong Item,1265.72
R00422,O005925,10395,2024-08-07,Late Delivery,5781.08
R00423,O005939,12250,2025-09-13,Late Delivery,21914.65
R00424,O005940,10980,2024-05-04,Wrong Item,13986.93
R00425,O005959,11045,2025-02-11,Late Delivery,17980.77
R00426,O005960,10590,2025-10-06,Damaged,18535.68
R00427,O005963,12409,2025-04-22,Wrong Item,6484.01
R00428,O005967,11075,2024-05-07,Quality Issue,27810.07
R00429,O005973,11995,2025-02-23,Wrong Item,4368.72
R00430,O005976,11887,2025-04-22,Quality Issue,295.36
R00431,O005982,10737,2024-08-30,Changed Mind,8055.36
R00432,O006002,12220,2025-10-06,Wrong Item,15298.11
R00433,O006025,12274,2025-07-07,Quality Issue,5201.01
R00434,O006040,11486,2025-07-24,Late Delivery,23247.13
R00435,O006053,10109,2024-07-19,Changed Mind,6450.77
R00436,O006055,10938,2024-03-18,Wrong Item,28640.36
R00437,O006062,10027,2025-06-06,Quality Issue,21351.8
R00438,O006075,10618,2025-08-27,Late Delivery,25691.24
R00439,O006078,10961,2024-11-19,Quality Issue,16536.95
R00440,O006107,11981,2024-08-22,Wrong Item,16691.31
R00441,O006117,11687,2025-05-26,Damaged,29248.62
R00442,O006142,10143,2024-04-07,Damaged,3690.34
R00443,O006146,11489,2024-12-08,Wrong Item,17509.53
R00444,O006148,11488,2024-05-17,Late Delivery,2228.55
R00445,O006150,11418,2025-12-29,Changed Mind,29708.12
R00446,O006158,11012,2025-03-09,Quality Issue,18996.7
R00447,O006167,10357,2024-11-26,Late Delivery,2668.96
R00448,O006195,10268,2025-09-18,Quality Issue,8724.03
R00449,O006208,11060,2025-06-19,Damaged,26752.89
R00450,O006209,11814,2025-10-19,Changed Mind,2628.98
R00451,O006241,11708,2025-02-28,Wrong Item,8369.36
R00452,O006243,11061,2025-04-10,Wrong Item,15247.19
R00453,O006248,10459,2025-02-28,Damaged,29480.75
R00454,O006249,11702,2025-11-03,Wrong Item,6407.28
R00455,O006251,12457,2025-07-12,Changed Mind,23812.61
R00456,O006279,12130,2024-02-20,Changed Mind,10417.28
R00457,O006302,12200,2024-10-07,Wrong Item,476.04
R00458,O006307,11997,2025-02-11,Late Delivery,23508.81
R00459,O006310,10047,2024-05-26,Wrong Item,14797.53
R00460,O006317,11539,2025-12-21,Changed Mind,14501.31
R00461,O006323,11219,2025-10-23,Damaged,20275.03
R00462,O006335,10059,2024-11-22,Wrong Item,19587.31
R00463,O006348,11927,2024-10-20,Late Delivery,19756.95
R00464,O006359,11587,2024-11-14,Wrong Item,9903.66
R00465,O006362,10585,2024-05-24,Quality Issue,17498.2
R00466,O006391,11542,2025-10-01,Wrong Item,26355.18
R00467,O006425,10351,2026-01-28,Changed Mind,26814.28
R00468,O006428,10245,2024-02-27,Wrong Item,12263.93
R00469,O006433,12274,2025-07-13,Wrong Item,7149.05
R00470,O006457,11061,2025-02-21,Damaged,2434.25
R00471,O006467,10288,2024-07-25,Quality Issue,25761.17
R00472,O006468,10088,2025-01-05,Damaged,5128.84
R00473,O006477,11837,2025-06-14,Changed Mind,9646.72
R00474,O006480,12323,2024-04-24,Late Delivery,24394.14
R00475,O006493,10388,2025-08-04,Damaged,23547.53
R00476,O006501,11311,2025-10-14,Changed Mind,13145.53
R00477,O006508,11772,2024-09-19,Quality Issue,20870.39
R00478,O006515,10025,2025-11-15,Wrong Item,7310.6
R00479,O006556,11397,2024-04-02,Damaged,27910.68
R00480,O006560,12379,2024-06-27,Wrong Item,28560.34
R00481,O006582,11407,2025-06-09,Quality Issue,28275.98
R00482,O006592,11164,2025-09-05,Late Delivery,18766.67
R00483,O006603,10708,2024-10-11,Wrong Item,2330.26
R00484,O006605,11368,2024-07-23,Late Delivery,18482.15
R00485,O006647,11908,2024-12-06,Quality Issue,12770.13
R00486,O006655,11232,2024-12-09,Quality Issue,11976.72
R00487,O006666,11205,2024-11-28,Late Delivery,1034.27
R00488,O006681,11721,2024-03-02,Damaged,26246.58
R00489,O006712,12124,2025-12-05,Quality Issue,25759.81
R00490,O006720,10984,2024-03-07,Quality Issue,9850.85
R00491,O006727,11316,2026-01-04,Late Delivery,29333.74
R00492,O006729,11962,2025-07-07,Wrong Item,4246.19
R00493,O006738,10579,2024-10-01,Late Delivery,25088.36
R00494,O006761,10823,2025-02-21,Changed Mind,18729.05
R00495,O006774,10973,2025-03-21,Wrong Item,14675.34
R00496,O006792,10154,2024-11-20,Wrong Item,28912.26
R00497,O006817,11416,2025-11-17,Quality Issue,17574.92
R00498,O006846,10645,2024-07-05,Wrong Item,25045.48
R00499,O006856,11889,2025-08-23,Damaged,7119.79
R00500,O006863,12448,2024-12-17,Damaged,1160.98
R00501,O006881,11918,2026-01-22,Damaged,6493.26
R00502,O006909,11307,2024-02-26,Changed Mind,29652.54
R00503,O006934,11997,2025-03-15,Quality Issue,16927.51
R00504,O006946,12145,2025-07-13,Late Delivery,25288.21
R00505,O006948,11394,2024-02-13,Changed Mind,20612.4
R00506,O006960,11554,2025-12-23,Changed Mind,4802.41
R00507,O006962,11918,2024-10-12,Damaged,3587.69
R00508,O006979,12297,2024-10-07,Wrong Item,14664.38
R00509,O006984,11205,2026-01-06,Late Delivery,28274.79
R00510,O006988,10155,2025-03-15,Quality Issue,4165.04
R00511,O006997,12200,2024-03-11,Wrong Item,15157.17
R00512,O007011,11801,2024-10-30,Wrong Item,22841.96
R00513,O007012,10106,2024-06-12,Changed Mind,2552.82
R00514,O007055,11036,2024-07-23,Changed Mind,12327.95
R00515,O007057,11421,2024-12-12,Damaged,16173.16
R00516,O007107,10182,2025-02-21,Quality Issue,3466.91
R00517,O007112,10472,2024-10-10,Quality Issue,19753.9
R00518,O007113,11540,2024-04-27,Changed Mind,22215.0
R00519,O007129,10466,2024-07-14,Changed Mind,19256.7
R00520,O007135,10415,2024-06-26,Damaged,2409.79
R00521,O007136,10364,2024-12-19,Wrong Item,395.13
R00522,O007138,10796,2025-04-17,Late Delivery,23996.18
R00523,O007143,12313,2024-05-26,Damaged,14800.95
R00524,O007161,11621,2024-07-04,Quality Issue,17042.58
R00525,O007166,11535,2025-10-07,Quality Issue,27227.87
R00526,O007170,11667,2024-11-28,Wrong Item,16863.09
R00527,O007183,10756,2024-09-28,Wrong Item,7756.6
R00528,O007197,11455,2025-09-12,Late Delivery,13538.75
R00529,O007229,10055,2024-03-30,Quality Issue,14647.6
R00530,O007252,10177,2025-05-03,Changed Mind,20515.37
R00531,O007265,10988,2024-03-11,Changed Mind,10682.43
R00532,O007266,10300,2024-10-17,Damaged,25225.29
R00533,O007280,11582,2024-07-01,Changed Mind,16166.4
R00534,O007284,11352,2025-10-22,Late Delivery,16462.33
R00535,O007321,10770,2024-06-21,Late Delivery,22843.65
R00536,O007330,12321,2025-04-18,Quality Issue,2644.37
R00537,O007340,10984,2025-08-22,Changed Mind,26665.36
R00538,O007350,11045,2024-09-03,Wrong Item,5994.71
R00539,O007353,10133,2024-09-21,Quality Issue,10117.28
R00540,O007367,10738,2025-11-06,Damaged,2931.65
R00541,O007369,10793,2024-04-11,Wrong Item,14238.61
R00542,O007392,10301,2024-06-10,Changed Mind,10278.16
R00543,O007427,10072,2024-12-27,Late Delivery,6639.44
R00544,O007429,11779,2024-10-07,Changed Mind,5462.99
R00545,O007430,12415,2025-02-14,Late Delivery,4366.33
R00546,O007443,12307,2024-05-21,Damaged,2092.38
R00547,O007445,12113,2025-12-01,Quality Issue,6615.36
R00548,O007466,10699,2025-12-26,Changed Mind,318.39
R00549,O007471,10747,2024-09-08,Wrong Item,2641.88
R00550,O007472,11976,2024-10-07,Changed Mind,29008.1
R00551,O007503,10192,2025-05-11,Changed Mind,12175.88
R00552,O007512,10821,2024-05-04,Damaged,27566.81
R00553,O007526,10241,2024-05-30,Late Delivery,12107.6
R00554,O007538,11542,2025-12-10,Quality Issue,23416.72
R00555,O007541,11633,2025-01-20,Quality Issue,21039.5
R00556,O007551,12433,2025-01-30,Late Delivery,5033.91
R00557,O007576,11513,2024-07-22,Wrong Item,14147.08
R00558,O007579,11083,2025-12-02,Changed Mind,3824.91
R00559,O007608,11945,2025-04-27,Damaged,12299.17
R00560,O007638,10406,2024-03-16,Wrong Item,8618.66
R00561,O007655,12461,2025-04-18,Damaged,18595.33
R00562,O007664,10883,2024-10-17,Damaged,22395.13
R00563,O007669,10990,2025-12-20,Changed Mind,27431.1
R00564,O007677,12128,2025-08-24,Changed Mind,1627.63
R00565,O007687,11448,2025-12-30,Quality Issue,22346.21
R00566,O007695,12155,2025-04-10,Quality Issue,3991.24
R00567,O007709,11586,2024-07-05,Changed Mind,26078.62
R00568,O007721,10072,2024-07-27,Damaged,19557.08
R00569,O007741,11431,2024-04-03,Damaged,27084.64
R00570,O007759,11632,2024-02-19,Quality Issue,4063.9
R00571,O007769,11977,2025-07-02,Late Delivery,14625.5
R00572,O007773,11390,2024-10-04,Changed Mind,14882.96
R00573,O007783,12302,2025-03-28,Changed Mind,22289.22
R00574,O007820,10226,2024-02-22,Changed Mind,29103.92
R00575,O007830,10214,2025-09-30,Quality Issue,589.15
R00576,O007852,12320,2024-04-13,Changed Mind,19580.12
R00577,O007855,10627,2025-08-07,Wrong Item,1416.57
R00578,O007868,12317,2026-01-10,Quality Issue,12781.03
R00579,O007872,10922,2025-01-31,Quality Issue,25509.64
R00580,O007880,10540,2024-07-18,Changed Mind,16961.21
R00581,O007884,11461,2025-07-12,Quality Issue,25522.98
R00582,O007893,11037,2025-07-07,Late Delivery,19334.3
R00583,O007899,10933,2025-03-30,Damaged,27185.61
R00584,O007908,12431,2025-11-10,Wrong Item,23805.14
R00585,O007935,11739,2025-03-12,Late Delivery,21783.23
R00586,O007937,11174,2025-03-21,Wrong Item,22363.25
R00587,O007949,11071,2025-02-14,Wrong Item,17070.19
R00588,O007981,11653,2025-08-14,Changed Mind,25509.81
R00589,O007982,12440,2024-10-28,Quality Issue,14079.35
R00590,O007983,10008,2025-05-24,Wrong Item,2163.38
R00591,O007991,12498,2025-08-30,Late Delivery,22534.51
R00592,O007996,10702,2024-07-07,Wrong Item,22199.1
R00593,O007999,10082,2026-01-01,Quality Issue,4230.67
R00594,O008006,10030,2025-10-13,Wrong Item,7647.58
R00595,O008011,11152,2025-09-13,Damaged,7503.47
R00596,O008023,11418,2024-11-06,Wrong Item,17852.02
R00597,O008046,12248,2025-09-23,Damaged,16832.4
R00598,O008065,11655,2025-07-13,Wrong Item,3752.79
R00599,O008070,11288,2024-04-27,Late Delivery,13280.66
R00600,O008104,10559,2024-08-14,Wrong Item,937.01
R00601,O008109,11679,2025-03-03,Damaged,4880.3
R00602,O008132,11480,2026-01-08,Damaged,2258.22
R00603,O008161,11713,2024-08-16,Changed Mind,14916.2
R00604,O008173,10483,2024-06-03,Late Delivery,2059.49
R00605,O008174,11240,2025-05-12,Quality Issue,28547.85
R00606,O008188,11523,2025-07-01,Damaged,18862.31
R00607,O008233,12346,2025-07-13,Late Delivery,23198.8
R00608,O008243,10373,2024-11-05,Changed Mind,12473.7
R00609,O008265,11081,2024-02-23,Damaged,28489.42
R00610,O008283,10841,2024-10-03,Late Delivery,23293.04
R00611,O008299,10546,2025-05-24,Late Delivery,9526.47
R00612,O008315,12272,2024-06-19,Wrong Item,3805.27
R00613,O008318,10789,2025-06-14,Changed Mind,13902.47
R00614,O008327,11690,2025-02-15,Changed Mind,16601.9
R00615,O008330,10364,2024-01-14,Wrong Item,16043.11
R00616,O008354,10541,2025-02-25,Late Delivery,28223.65
R00617,O008360,12347,2025-12-02,Wrong Item,20893.32
R00618,O008423,10510,2025-08-16,Wrong Item,14061.15
R00619,O008425,10602,2025-01-30,Late Delivery,21427.73
R00620,O008476,10019,2024-06-11,Quality Issue,10565.05
R00621,O008484,10629,2025-12-12,Damaged,24018.36
R00622,O008500,12008,2025-01-31,Late Delivery,26481.49
R00623,O008502,10705,2024-08-27,Wrong Item,28422.74
R00624,O008506,12169,2025-07-09,Changed Mind,1218.28
R00625,O008527,11553,2025-04-04,Late Delivery,8825.01
R00626,O008538,10539,2025-01-03,Changed Mind,5127.14
R00627,O008549,11842,2025-11-21,Quality Issue,20069.88
R00628,O008554,12124,2024-07-01,Quality Issue,7813.81
R00629,O008561,12169,2024-01-17,Quality Issue,13976.12
R00630,O008567,11679,2025-08-30,Damaged,23604.72
R00631,O008618,12432,2025-05-13,Quality Issue,25555.09
R00632,O008625,12078,2025-08-02,Wrong Item,18221.03
R00633,O008627,12071,2025-02-16,Quality Issue,13649.2
R00634,O008629,10173,2024-12-12,Damaged,2093.72
R00635,O008639,10920,2025-04-26,Quality Issue,22172.82
R00636,O008644,10576,2025-01-06,Late Delivery,21387.07
R00637,O008654,12003,2024-08-08,Changed Mind,7230.31
R00638,O008666,11694,2024-01-18,Wrong Item,21928.87
R00639,O008670,11726,2025-08-13,Wrong Item,7089.37
R00640,O008680,10602,2024-11-05,Quality Issue,20316.05
R00641,O008690,11118,2025-01-02,Damaged,4590.54
R00642,O008700,12478,2025-10-02,Changed Mind,27386.46
R00643,O008707,10200,2025-09-12,Damaged,12061.83
R00644,O008720,12459,2024-09-18,Quality Issue,18168.3
R00645,O008722,10560,2024-05-18,Damaged,6359.3
R00646,O008734,10940,2024-06-03,Changed Mind,25598.15
R00647,O008759,10579,2024-08-01,Changed Mind,29053.52
R00648,O008761,11850,2025-06-08,Damaged,9291.57
R00649,O008769,10991,2025-07-25,Quality Issue,6291.04
R00650,O008787,10487,2026-01-05,Changed Mind,16196.13
R00651,O008818,10603,2025-12-20,Damaged,28747.35
R00652,O008846,10828,2025-11-27,Damaged,22943.4
R00653,O008902,11150,2025-06-16,Wrong Item,29515.74
R00654,O008970,10345,2025-12-05,Changed Mind,26289.42
R00655,O009005,10140,2025-01-01,Wrong Item,20656.75
R00656,O009068,10685,2025-05-04,Changed Mind,5701.74
R00657,O009069,11947,2025-11-13,Quality Issue,26440.02
R00658,O009078,12321,2024-06-26,Wrong Item,18260.94
R00659,O009089,10011,2024-01-22,Wrong Item,13659.57
R00660,O009116,10374,2025-01-06,Quality Issue,15115.52
R00661,O009119,10744,2024-09-22,Late Delivery,28924.68
R00662,O009125,10973,2025-09-18,Wrong Item,529.7
R00663,O009126,11294,2024-09-30,Quality Issue,22555.81
R00664,O009142,10781,2024-12-31,Quality Issue,22910.49
R00665,O009149,12025,2025-07-22,Quality Issue,3040.89
R00666,O009169,10031,2024-09-03,Changed Mind,28993.63
R00667,O009171,11297,2024-07-20,Quality Issue,14967.15
R00668,O009182,10181,2025-04-17,Quality Issue,21514.2
R00669,O009193,11401,2025-07-19,Damaged,12909.16
R00670,O009206,11773,2025-05-10,Late Delivery,9637.24
R00671,O009214,10403,2024-12-24,Wrong Item,17185.41
R00672,O009218,11449,2024-11-04,Quality Issue,26785.23
R00673,O009273,12091,2025-03-16,Damaged,19276.88
R00674,O009307,10768,2025-02-16,Quality Issue,19660.73
R00675,O009315,10504,2025-07-26,Late Delivery,9635.24
R00676,O009349,11653,2025-09-05,Late Delivery,7178.18
R00677,O009378,11426,2025-07-06,Wrong Item,18915.32
R00678,O009379,10480,2024-08-11,Quality Issue,4549.44
R00679,O009387,12054,2025-11-14,Wrong Item,13504.74
R00680,O009399,10260,2024-05-06,Wrong Item,7643.06
R00681,O009403,10719,2025-09-13,Damaged,21231.13
R00682,O009411,11814,2025-06-01,Quality Issue,16147.63
R00683,O009434,12143,2025-03-21,Changed Mind,3188.51
R00684,O009435,11501,2025-09-19,Changed Mind,16884.77
R00685,O009455,11665,2025-08-03,Late Delivery,18126.64
R00686,O009460,10759,2025-02-10,Changed Mind,8862.16
R00687,O009474,11434,2025-10-22,Wrong Item,10061.34
R00688,O009478,10079,2024-06-27,Wrong Item,26270.41
R00689,O009493,11729,2024-03-08,Damaged,3532.07
R00690,O009510,11409,2025-10-01,Late Delivery,29046.28
R00691,O009537,10516,2024-04-21,Late Delivery,6571.89
R00692,O009538,12364,2025-06-30,Late Delivery,7404.63
R00693,O009539,11704,2024-09-28,Changed Mind,11853.75
R00694,O009544,12301,2024-11-21,Damaged,28451.8
R00695,O009553,11194,2025-06-14,Damaged,26898.99
R00696,O009572,11839,2025-07-20,Damaged,22449.21
R00697,O009581,10931,2024-11-15,Damaged,23881.25
R00698,O009586,11101,2025-01-15,Damaged,15746.52
R00699,O009599,12268,2026-01-05,Quality Issue,27168.48
R00700,O009602,10049,2024-12-18,Wrong Item,3994.19
R00701,O009603,11821,2024-03-05,Quality Issue,16352.16
R00702,O009624,11372,2024-07-13,Wrong Item,24681.23
R00703,O009660,11879,2025-04-04,Wrong Item,17183.97
R00704,O009680,12450,2025-08-24,Quality Issue,24475.3
R00705,O009710,10518,2025-09-22,Wrong Item,5179.13
R00706,O009789,11170,2025-12-28,Quality Issue,1349.37
R00707,O009796,11896,2025-08-18,Damaged,16848.37
R00708,O009800,10366,2025-04-03,Damaged,20975.33
R00709,O009834,11920,2025-05-13,Quality Issue,16764.78
R00710,O009840,12376,2024-01-16,Late Delivery,11039.24
R00711,O009857,12154,2025-04-25,Damaged,21736.7
R00712,O009877,11850,2025-05-09,Wrong Item,27921.08
R00713,O009880,10806,2024-12-07,Damaged,17183.59
R00714,O009897,12095,2025-05-18,Quality Issue,5276.49
R00715,O009915,10943,2024-11-10,Wrong Item,15734.74
R00716,O009931,10230,2025-04-29,Changed Mind,22570.28
R00717,O009935,10159,2024-12-01,Changed Mind,6091.61
R00718,O009949,10662,2025-03-26,Changed Mind,13415.24
R00719,O009952,12354,2025-10-01,Wrong Item,20120.08
R00720,O009958,10642,2024-10-05,Wrong Item,2550.29
R00721,O009964,10312,2025-09-17,Quality Issue,6291.01
R00722,O009966,10245,2025-08-02,Damaged,21701.02
R00723,O009981,10074,2025-10-29,Damaged,9527.31
